School_Size,Average_Math_Score,Average_Reading_Score,Average_Overall_Score,Overall_Passing_Rate
Large (2000-5000),82.07381360005105,81.69011935499998,81.88196647752552,61.857142857142854
Medium (1000-2000),83.64494861798407,94.11766622369714,88.88130742084061,91.0
Small (<1000),83.32133244298336,93.94396445448942,88.63264844873639,89.0
