Spending_Ranges_Per_Student,Average_Math_Score,Average_Reading_Score,Average_Overall_Score,Overall_Passing_Rate
"Between $1,000,000 - $2,000,000",82.67330119583893,88.16205438922036,85.41767779252966,76.33333333333333
"Greater than $2,000,000",81.62419790321013,76.83616807933473,79.23018299127243,51.0
"Less than $1,000,000",83.48314053048371,94.0308153390933,88.75697793478851,90.0
