School_Type,Average_Math_Score,Average_Reading_Score,Average_Overall_Score,Overall_Passing_Rate
Charter,83.42284101013091,94.00853236753856,88.71568668883474,90.0
District,81.58244225230135,76.78058052722835,79.18151138976485,50.6
